filename,region,document_type,content_length,word_count
6e241669-cf4c-46bc-bd37-c1e365aa22c4_consolidated_research_20250309.json,Western_Amazonian_Forests_&_Plains_(NT18),research,50844,5763
6e241669-cf4c-46bc-bd37-c1e365aa22c4_consolidated_research_20250308.json,Western_Amazonian_Forests_&_Plains_(NT18),research,50844,5763
8a070b49-47cd-49e2-8453-fa70ba4d58ac_consolidated_research_20250309.json,"Altai_Mountain_Forests,_Grasslands_&_Desert_Steppe_(PA37)",research,39919,4559
8a070b49-47cd-49e2-8453-fa70ba4d58ac_consolidated_research_20250308.json,"Altai_Mountain_Forests,_Grasslands_&_Desert_Steppe_(PA37)",research,39919,4559
453c6a33-af4b-4079-b440-e58fc7cffbc9_consolidated_research_20250309.json,Southern_Prairie_Mixed_Grasslands_(NA20),research,41436,4741
453c6a33-af4b-4079-b440-e58fc7cffbc9_consolidated_research_20250308.json,Southern_Prairie_Mixed_Grasslands_(NA20),research,41436,4741
f68b32b0-3ca4-4ca7-8187-6b09adffcc1d_consolidated_research_20250309.json,Mexican_Subtropical_Islands_(NT29),research,39970,4713
f68b32b0-3ca4-4ca7-8187-6b09adffcc1d_consolidated_research_20250308.json,Mexican_Subtropical_Islands_(NT29),research,39970,4713
d7b29e9d-4f70-4c3f-af12-8216663f0936_consolidated_research_20250308.json,Korean_Peninsula_Mixed_Forests_(PA48),research,44098,5067
d7b29e9d-4f70-4c3f-af12-8216663f0936_consolidated_research_20250309.json,Korean_Peninsula_Mixed_Forests_(PA48),research,44098,5067
e3dbd75d-cc02-4da4-8df6-a4c484b84e65_consolidated_research_20250309.json,Caribbean_Islands_(NT26),research,46190,5050
e3dbd75d-cc02-4da4-8df6-a4c484b84e65_consolidated_research_20250308.json,Caribbean_Islands_(NT26),research,46190,5050
09e3d004-8f50-4dfb-923a-73d6af2f9818_consolidated_research_20250308.json,Persian_Deserts_&_Mountain_Woodlands_(PA29),research,40170,4622
09e3d004-8f50-4dfb-923a-73d6af2f9818_consolidated_research_20250309.json,Persian_Deserts_&_Mountain_Woodlands_(PA29),research,40170,4622
ad429ade-3b70-405b-b65f-82299179b810_consolidated_research_20250309.json,New_Guinea_&_Surrounding_Islands_(AU13),research,42721,5020
ad429ade-3b70-405b-b65f-82299179b810_consolidated_research_20250308.json,New_Guinea_&_Surrounding_Islands_(AU13),research,42721,5020
35c046d3-95bd-4e88-8afc-6bdab804e02f_consolidated_research_20250308.json,Greater_Gobi_Desert_(PA43),research,44295,5213
35c046d3-95bd-4e88-8afc-6bdab804e02f_consolidated_research_20250309.json,Greater_Gobi_Desert_(PA43),research,44295,5213
df4785b2-c677-48dd-941e-22a68fd363b5_consolidated_research_20250308.json,Russian_Arctic_Desert_Islands_(PA1),research,41615,4931
df4785b2-c677-48dd-941e-22a68fd363b5_consolidated_research_20250309.json,Russian_Arctic_Desert_Islands_(PA1),research,41615,4931
79347e9f-5492-4a10-96b2-1e63b4937ded_consolidated_research_20250308.json,Madagascar_Island_(AT6),research,45730,5319
79347e9f-5492-4a10-96b2-1e63b4937ded_consolidated_research_20250309.json,Madagascar_Island_(AT6),research,45730,5319
94f95bf6-32f0-458d-a179-385b3b677e63_consolidated_research_20250308.json,Adriatic_Sea_&_Central_Mediterranean_Mixed_Forests_(PA19),research,39989,4582
94f95bf6-32f0-458d-a179-385b3b677e63_consolidated_research_20250309.json,Adriatic_Sea_&_Central_Mediterranean_Mixed_Forests_(PA19),research,39989,4582
9280dd8e-46eb-48b8-9e37-ac81d077c101_consolidated_research_20250309.json,North_Australian_Tropical_Savannas_(AU8),research,41403,4794
9280dd8e-46eb-48b8-9e37-ac81d077c101_consolidated_research_20250308.json,North_Australian_Tropical_Savannas_(AU8),research,41403,4794
36220a47-3de3-422b-ac84-67d1ec80bbce_consolidated_research_20250308.json,Appalachia_&_Allegheny_Interior_Forests_(NA24),research,46754,5132
36220a47-3de3-422b-ac84-67d1ec80bbce_consolidated_research_20250309.json,Appalachia_&_Allegheny_Interior_Forests_(NA24),research,46754,5132
868d66ac-2838-45ec-93f8-866165445ea6_consolidated_research_20250308.json,Aegean_Sea_&_East_Mediterranean_Mixed_Forests_(PA18),research,44995,5130
868d66ac-2838-45ec-93f8-866165445ea6_consolidated_research_20250309.json,Aegean_Sea_&_East_Mediterranean_Mixed_Forests_(PA18),research,44995,5130
ae32c14c-e41f-49c8-8a1e-4e5131ff5fc2_consolidated_research_20250308.json,Siberian_Hemiboreal_Forests_&_Steppe_(PA35),research,43589,5056
ae32c14c-e41f-49c8-8a1e-4e5131ff5fc2_consolidated_research_20250309.json,Siberian_Hemiboreal_Forests_&_Steppe_(PA35),research,43589,5056
56a9b6cf-a88b-499d-bb7e-c30de6eb512c_consolidated_research_20250308.json,Siberian_Boreal_Forests_&_Mountain_Tundra_(PA7),research,41227,4704
56a9b6cf-a88b-499d-bb7e-c30de6eb512c_consolidated_research_20250309.json,Siberian_Boreal_Forests_&_Mountain_Tundra_(PA7),research,41227,4704
9a996e95-b631-44d9-8e30-06b7a21f5ef2_consolidated_research_20250309.json,Borneo_Tropical_Forests_&_Sundaland_Heath_Forests_(IM16),research,56483,6572
9a996e95-b631-44d9-8e30-06b7a21f5ef2_consolidated_research_20250308.json,Borneo_Tropical_Forests_&_Sundaland_Heath_Forests_(IM16),research,56483,6572
1ed1af63-e856-46ac-ad86-88a0fb282552_consolidated_research_20250308.json,New_Zealand_(AU1),research,47594,5588
1ed1af63-e856-46ac-ad86-88a0fb282552_consolidated_research_20250309.json,New_Zealand_(AU1),research,47594,5588
00946f20-cbca-48c1-ad34-bba50e09ddca_consolidated_research_20250308.json,Llanos_&_Dry_Forests_(NT22),research,41686,4878
00946f20-cbca-48c1-ad34-bba50e09ddca_consolidated_research_20250309.json,Llanos_&_Dry_Forests_(NT22),research,41686,4878
2f9056b0-dfcb-4269-8406-56db21f496e5_consolidated_research_20250309.json,Northwest_Intermountain_Conifer_Forests_(NA14),research,42815,4903
2f9056b0-dfcb-4269-8406-56db21f496e5_consolidated_research_20250308.json,Northwest_Intermountain_Conifer_Forests_(NA14),research,42815,4903
1bffb0d0-4fb4-4e19-9a89-97b5ec29401b_consolidated_research_20250309.json,"Sayan_Mountain_Conifer_Forests,_Alpine_Meadows_&_Steppe_(PA36)",research,38581,4527
1bffb0d0-4fb4-4e19-9a89-97b5ec29401b_consolidated_research_20250308.json,"Sayan_Mountain_Conifer_Forests,_Alpine_Meadows_&_Steppe_(PA36)",research,38581,4527
a4a890b5-d832-4b4a-8e69-b12038f6ec03_consolidated_research_20250308.json,Northern_Amazonian_Forests_(NT20),research,41059,4672
a4a890b5-d832-4b4a-8e69-b12038f6ec03_consolidated_research_20250309.json,Northern_Amazonian_Forests_(NT20),research,41059,4672
e6782a01-0519-4966-aa37-01942c78b1e2_consolidated_research_20250309.json,Kazakh_Forest_Steppe_&_Grasslands_(PA34),research,44999,5278
e6782a01-0519-4966-aa37-01942c78b1e2_consolidated_research_20250308.json,Kazakh_Forest_Steppe_&_Grasslands_(PA34),research,44999,5278
ba76e19b-0d02-4098-b21c-0c1ada2f8ae3_consolidated_research_20250309.json,"Mongolian_Grasslands,_Alpine_Meadows_&_Forest_Steppe_(PA44)",research,39277,4534
ba76e19b-0d02-4098-b21c-0c1ada2f8ae3_consolidated_research_20250308.json,"Mongolian_Grasslands,_Alpine_Meadows_&_Forest_Steppe_(PA44)",research,39277,4534
723450bf-f05a-4604-bbb9-c1b7130187b3_consolidated_research_20250309.json,Greater_California_(NA31),research,46616,5351
723450bf-f05a-4604-bbb9-c1b7130187b3_consolidated_research_20250308.json,Greater_California_(NA31),research,46616,5351
b89144f1-fff9-47f1-a206-10f6eeed89ae_consolidated_research_20250309.json,Azores_Forest_Islands_(PA21),research,49622,5664
b89144f1-fff9-47f1-a206-10f6eeed89ae_consolidated_research_20250308.json,Azores_Forest_Islands_(PA21),research,49622,5664
4a9f3809-6350-4db7-a777-927277a0f8c2_consolidated_research_20250309.json,Mid-Canada_Boreal_Plains_&_Foothill_Forests_(NA8),research,48979,5377
4a9f3809-6350-4db7-a777-927277a0f8c2_consolidated_research_20250308.json,Mid-Canada_Boreal_Plains_&_Foothill_Forests_(NA8),research,48979,5377
5a0cd87a-b9a9-4223-84ac-61c0896f92f2_consolidated_research_20250308.json,South_African_Cape_Shrublands_&_Mountain_Forests_(AT2),research,46496,5533
5a0cd87a-b9a9-4223-84ac-61c0896f92f2_consolidated_research_20250309.json,South_African_Cape_Shrublands_&_Mountain_Forests_(AT2),research,46496,5533
1574cc8f-290c-4380-8aed-fc9cfd469a7b_consolidated_research_20250309.json,Junggar_Semi-Desert_&_Ermin_Valley_Steppe_(PA38),research,39778,4710
1574cc8f-290c-4380-8aed-fc9cfd469a7b_consolidated_research_20250308.json,Junggar_Semi-Desert_&_Ermin_Valley_Steppe_(PA38),research,39778,4710
80fad2aa-0644-4403-83fe-4a1e7e345734_consolidated_research_20250309.json,Southeast_Savannas_&_Riparian_Forests_(NA25),research,51178,5633
80fad2aa-0644-4403-83fe-4a1e7e345734_consolidated_research_20250308.json,Southeast_Savannas_&_Riparian_Forests_(NA25),research,51178,5633
10048236-762c-489d-bbb1-29e9fe620af6_consolidated_research_20250309.json,"Tibetan-Pamir_Alpine_Steppes,_Shrublands_&_Mountain_Forests_(PA41)",research,42009,4836
10048236-762c-489d-bbb1-29e9fe620af6_consolidated_research_20250308.json,"Tibetan-Pamir_Alpine_Steppes,_Shrublands_&_Mountain_Forests_(PA41)",research,42009,4836
83d3e7b5-17f4-42f0-827f-2519550dfa82_consolidated_research_20250309.json,Brazilian_Atlantic_Dry_Forests_(NT15),research,46947,5320
83d3e7b5-17f4-42f0-827f-2519550dfa82_consolidated_research_20250308.json,Brazilian_Atlantic_Dry_Forests_(NT15),research,46947,5320
8d6de58c-d3be-435f-82c3-e9636410e907_consolidated_research_20250309.json,West_Australian_Dry_Coastal_Shrublands_(AU6),research,51079,5882
8d6de58c-d3be-435f-82c3-e9636410e907_consolidated_research_20250308.json,West_Australian_Dry_Coastal_Shrublands_(AU6),research,51079,5882
3e7768ec-5522-48a0-8fe7-3904838fda64_consolidated_research_20250308.json,Venezuelan_Coast_(NT23),research,46311,5407
3e7768ec-5522-48a0-8fe7-3904838fda64_consolidated_research_20250309.json,Venezuelan_Coast_(NT23),research,46311,5407
389597c4-b872-4aaa-8452-c2b5c29d31ce_consolidated_research_20250308.json,South_Congolian_Forest-Savannas_&_Coastal_Scarp_(AT13),research,37033,4316
389597c4-b872-4aaa-8452-c2b5c29d31ce_consolidated_research_20250309.json,South_Congolian_Forest-Savannas_&_Coastal_Scarp_(AT13),research,37033,4316
cf0186a9-53ff-4ad4-b50a-08171a24f1d7_consolidated_research_20250308.json,"Tian_Shan-Pamir_Grasslands,_Mountain_Steppe_&_Conifer_Forests_(PA31)",research,44502,5053
cf0186a9-53ff-4ad4-b50a-08171a24f1d7_consolidated_research_20250309.json,"Tian_Shan-Pamir_Grasslands,_Mountain_Steppe_&_Conifer_Forests_(PA31)",research,44502,5053
fe68c7a9-2c76-4800-8bd2-f395c35d7b1f_consolidated_research_20250309.json,Javan-Bali_Tropical_Rainforests_(IM17)_,research,49404,5542
fe68c7a9-2c76-4800-8bd2-f395c35d7b1f_consolidated_research_20250308.json,Javan-Bali_Tropical_Rainforests_(IM17)_,research,49404,5542
d34612ac-02a8-4ffb-ae87-9baeee98efe0_consolidated_research_20250309.json,Southeast_Indonesian_Dry_Forest_Islands_(AU15),research,47234,5390
d34612ac-02a8-4ffb-ae87-9baeee98efe0_consolidated_research_20250308.json,Southeast_Indonesian_Dry_Forest_Islands_(AU15),research,47234,5390
fb479e61-a12e-467a-8a5e-b68abd7b1996_consolidated_research_20250309.json,Salas_y_Gómez_&_Easter_Islands_(OC1),research,41831,4998
fb479e61-a12e-467a-8a5e-b68abd7b1996_consolidated_research_20250308.json,Salas_y_Gómez_&_Easter_Islands_(OC1),research,41831,4998
d6f99311-bfc6-4e1b-a95c-0c1ef5efd3a1_consolidated_research_20250308.json,Peninsular_Malaysian_&_Sumatran_Tropical_Rainforests_(IM18),research,52017,5850
d6f99311-bfc6-4e1b-a95c-0c1ef5efd3a1_consolidated_research_20250309.json,Peninsular_Malaysian_&_Sumatran_Tropical_Rainforests_(IM18),research,52017,5850
475f74b6-0172-4f5d-b09f-6eefaef5a6c3_consolidated_research_20250308.json,Greater_Australian_Interior_Desert_&_Shrublands_(AU7),research,44203,5116
475f74b6-0172-4f5d-b09f-6eefaef5a6c3_consolidated_research_20250309.json,Greater_Australian_Interior_Desert_&_Shrublands_(AU7),research,44203,5116
0b77640c-3dfc-485e-b256-822877e900e4_consolidated_research_20250309.json,Western_Gulf_Coastal_Grasslands_(NA27),research,45378,5059
0b77640c-3dfc-485e-b256-822877e900e4_consolidated_research_20250308.json,Western_Gulf_Coastal_Grasslands_(NA27),research,45378,5059
9014ef51-5a10-489e-b2b1-61c2ab69246f_consolidated_research_20250309.json,Canadian_Shield_&_Coastal_Taiga-Forests_(NA9),research,41872,4879
9014ef51-5a10-489e-b2b1-61c2ab69246f_consolidated_research_20250308.json,Canadian_Shield_&_Coastal_Taiga-Forests_(NA9),research,41872,4879
0e6b5e9f-c862-450a-8e11-05ae66e3dd0d_consolidated_research_20250309.json,Subantarctic_Indian_Ocean_Islands_(AN3),research,43421,4972
0e6b5e9f-c862-450a-8e11-05ae66e3dd0d_consolidated_research_20250308.json,Subantarctic_Indian_Ocean_Islands_(AN3),research,43421,4972
fd9b52a2-40a1-4aee-bec3-9f4d79154001_consolidated_research_20250309.json,"Black_Sea,_Caucasus-Anatolian_Mixed_Forests_&_Steppe_(PA17)",research,40407,4653
fd9b52a2-40a1-4aee-bec3-9f4d79154001_consolidated_research_20250308.json,"Black_Sea,_Caucasus-Anatolian_Mixed_Forests_&_Steppe_(PA17)",research,40407,4653
3faa44c0-a74b-4718-bb4c-f88518822ba5_consolidated_research_20250308.json,Baja_California_&_Southern_Deserts_(NA30),research,45203,5232
3faa44c0-a74b-4718-bb4c-f88518822ba5_consolidated_research_20250309.json,Baja_California_&_Southern_Deserts_(NA30),research,45203,5232
fee53c96-0c64-462d-be68-2864a804873c_consolidated_research_20250309.json,Central_American_Mixed_Forests_(NT25),research,42295,4784
fee53c96-0c64-462d-be68-2864a804873c_consolidated_research_20250308.json,Central_American_Mixed_Forests_(NT25),research,42295,4784
cce4b233-c2bd-48ba-820d-0c8c7e40c182_consolidated_research_20250308.json,St._Helena_&_Ascension_Islands_(AT18),research,36937,4418
cce4b233-c2bd-48ba-820d-0c8c7e40c182_consolidated_research_20250309.json,St._Helena_&_Ascension_Islands_(AT18),research,36937,4418
0feb05d7-b44e-4d39-9481-43c4dd9d37b0_consolidated_research_20250308.json,Dinaric_Mountains_&_Balkan_Mixed_Forests_(PA15),research,47318,5542
0feb05d7-b44e-4d39-9481-43c4dd9d37b0_consolidated_research_20250309.json,Dinaric_Mountains_&_Balkan_Mixed_Forests_(PA15),research,47318,5542
b7cf26a8-84fc-4177-8889-e1420052001b_consolidated_research_20250308.json,Amazon_River_Estuary_(NT16),research,52814,5796
b7cf26a8-84fc-4177-8889-e1420052001b_consolidated_research_20250309.json,Amazon_River_Estuary_(NT16),research,52814,5796
60de8325-ce74-4d0b-a816-433fd4884837_consolidated_research_20250309.json,Pontic_Steppe_Grasslands_(PA16),research,44895,5173
60de8325-ce74-4d0b-a816-433fd4884837_consolidated_research_20250308.json,Pontic_Steppe_Grasslands_(PA16),research,44895,5173
c576e375-de57-4c07-9eec-307b5dbea855_consolidated_research_20250309.json,Iceland_(PA2),research,42408,4880
c576e375-de57-4c07-9eec-307b5dbea855_consolidated_research_20250308.json,Iceland_(PA2),research,42408,4880
553a0a12-b6c4-4400-88f4-0195e12f1c61_consolidated_research_20250308.json,Guizhou_&_Yunnan_Subtropical_Forest_Plateaus_(PA52),research,51174,5971
553a0a12-b6c4-4400-88f4-0195e12f1c61_consolidated_research_20250309.json,Guizhou_&_Yunnan_Subtropical_Forest_Plateaus_(PA52),research,51174,5971
dc90219e-2657-4216-8b50-6bbe58b8dabb_consolidated_research_20250309.json,Seychelles_&_Comoros_Tropical_Islands_(AT5),research,40629,4620
dc90219e-2657-4216-8b50-6bbe58b8dabb_consolidated_research_20250308.json,Seychelles_&_Comoros_Tropical_Islands_(AT5),research,40629,4620
9f0bf0b0-cfcd-4527-ab4d-bf9c2768e346_consolidated_research_20250308.json,Central_Amazonian_Forests_(NT19),research,51831,5936
9f0bf0b0-cfcd-4527-ab4d-bf9c2768e346_consolidated_research_20250309.json,Central_Amazonian_Forests_(NT19),research,51831,5936
05ea2c55-ee23-4908-9b1a-7ab498e93866_consolidated_research_20250309.json,Sichuan_Basin_&_Central_Mountain_Forests_(PA51),research,45125,5201
05ea2c55-ee23-4908-9b1a-7ab498e93866_consolidated_research_20250308.json,Sichuan_Basin_&_Central_Mountain_Forests_(PA51),research,45125,5201
258dc6fa-ad9a-4b7d-abff-ea283b99249b_consolidated_research_20250308.json,Marquesas_Tropical_Islands_(OC2),research,43772,4929
258dc6fa-ad9a-4b7d-abff-ea283b99249b_consolidated_research_20250309.json,Marquesas_Tropical_Islands_(OC2),research,43772,4929
58be31bb-f423-475f-b5c6-83fb6ec9f1a1_consolidated_research_20250308.json,Antarctic_Peninsula_&_Scotia_Sea_(AN2),research,42908,4941
58be31bb-f423-475f-b5c6-83fb6ec9f1a1_consolidated_research_20250309.json,Antarctic_Peninsula_&_Scotia_Sea_(AN2),research,42908,4941
f25e4b2e-6217-4b52-b73e-709234b15a16_consolidated_research_20250309.json,Subantarctic_Antipodes_Islands_(AN4),research,36919,4259
f25e4b2e-6217-4b52-b73e-709234b15a16_consolidated_research_20250308.json,Subantarctic_Antipodes_Islands_(AN4),research,36919,4259
fc2c9a8d-66c5-45f6-8ce5-a800d2e4a696_consolidated_research_20250308.json,Central_Indian_Ocean_Islands_(IM1),research,47152,5228
fc2c9a8d-66c5-45f6-8ce5-a800d2e4a696_consolidated_research_20250309.json,Central_Indian_Ocean_Islands_(IM1),research,47152,5228
a314aeb2-3336-4e70-8859-6cadacf942a1_consolidated_research_20250309.json,Chang_Jiang_Plain_Evergreen_Forests_(PA50),research,49391,5760
a314aeb2-3336-4e70-8859-6cadacf942a1_consolidated_research_20250308.json,Chang_Jiang_Plain_Evergreen_Forests_(PA50),research,49391,5760
940d0d19-17a1-4a1d-8844-ec098d953cea_consolidated_research_20250309.json,Southern_Amazonian_Forests_(NT17),research,48949,5415
940d0d19-17a1-4a1d-8844-ec098d953cea_consolidated_research_20250308.json,Southern_Amazonian_Forests_(NT17),research,48949,5415
ee2ddc6e-1895-4719-bacc-37053466bcc4_consolidated_research_20250308.json,Great_Basin_&_Columbia_Steppe_(NA18),research,42985,4989
ee2ddc6e-1895-4719-bacc-37053466bcc4_consolidated_research_20250309.json,Great_Basin_&_Columbia_Steppe_(NA18),research,42985,4989
3dba05d3-6673-4102-b6e9-6895415c10cc_consolidated_research_20250308.json,Guianan_Forests_&_Savanna_(NT21),research,41247,4660
3dba05d3-6673-4102-b6e9-6895415c10cc_consolidated_research_20250309.json,Guianan_Forests_&_Savanna_(NT21),research,41247,4660
e92cead2-326e-43b6-998a-7a6bfae4f0ca_consolidated_research_20250309.json,Midwestern_Tallgrass_Prairie_&_Forest_Transition_(NA21),research,43000,4972
e92cead2-326e-43b6-998a-7a6bfae4f0ca_consolidated_research_20250308.json,Midwestern_Tallgrass_Prairie_&_Forest_Transition_(NA21),research,43000,4972
48c61817-7581-46cf-af98-0c99bb18138f_consolidated_research_20250309.json,East_African_Coastal_Forests_(AT7),research,48852,5556
48c61817-7581-46cf-af98-0c99bb18138f_consolidated_research_20250308.json,East_African_Coastal_Forests_(AT7),research,48852,5556
c636d937-4b91-4d75-bc80-0e6b9320e5e9_consolidated_research_20250309.json,West_European_Coastal_Mixed_Forests_(PA10),research,50199,5508
c636d937-4b91-4d75-bc80-0e6b9320e5e9_consolidated_research_20250308.json,West_European_Coastal_Mixed_Forests_(PA10),research,50199,5508
2c974f37-ad68-46be-a5b9-4ddf4546636f_consolidated_research_20250308.json,Greater_African_Subequatorial_Savannas_&_Mixed_Woodlands_(AT11),research,42918,4851
2c974f37-ad68-46be-a5b9-4ddf4546636f_consolidated_research_20250309.json,Greater_African_Subequatorial_Savannas_&_Mixed_Woodlands_(AT11),research,42918,4851
f46c3dd3-21e5-4e25-b251-150631305ddb_consolidated_research_20250308.json,Central_Polynesian_Islands_(OC4),research,42298,4738
f46c3dd3-21e5-4e25-b251-150631305ddb_consolidated_research_20250309.json,Central_Polynesian_Islands_(OC4),research,42298,4738
cb0861df-b51a-4c3d-97f5-8fc1fc8845a8_consolidated_research_20250308.json,Southeast_Polynesian_Islands_(OC3),research,41051,4688
cb0861df-b51a-4c3d-97f5-8fc1fc8845a8_consolidated_research_20250309.json,Southeast_Polynesian_Islands_(OC3),research,41051,4688
30cfdd41-3640-46b4-9e8c-c332bab3b561_consolidated_research_20250308.json,Rio_de_la_Plata_Grasslands_(NT3),research,46094,5409
30cfdd41-3640-46b4-9e8c-c332bab3b561_consolidated_research_20250309.json,Rio_de_la_Plata_Grasslands_(NT3),research,46094,5409
e9d00ea4-7c38-4914-b558-61242ac77420_consolidated_research_20250308.json,South_Caspian_Coastal_&_Mountain_Mixed_Forests_(PA28),research,40688,4782
e9d00ea4-7c38-4914-b558-61242ac77420_consolidated_research_20250309.json,South_Caspian_Coastal_&_Mountain_Mixed_Forests_(PA28),research,40688,4782
6a4ec863-f7a2-40e6-8d94-6d81882dc897_consolidated_research_20250308.json,Northern_Deccan_&_Odisha_Tropical_Forests_(IM7),research,46200,5241
6a4ec863-f7a2-40e6-8d94-6d81882dc897_consolidated_research_20250309.json,Northern_Deccan_&_Odisha_Tropical_Forests_(IM7),research,46200,5241
1d017f85-6ea1-4f85-8391-2314f92051bd_consolidated_research_20250308.json,Greenland_(NA1),research,37156,4261
1d017f85-6ea1-4f85-8391-2314f92051bd_consolidated_research_20250309.json,Greenland_(NA1),research,37156,4261
649a89fd-2899-4ae0-8619-bd5491c05c94_consolidated_research_20250309.json,Mexican_Dry_&_Coniferous_Forests_(NT28),research,46224,5333
649a89fd-2899-4ae0-8619-bd5491c05c94_consolidated_research_20250308.json,Mexican_Dry_&_Coniferous_Forests_(NT28),research,46224,5333
b858a6dd-9628-482e-bcfb-f56ddd29b41c_consolidated_research_20250308.json,Mascarene_Tropical_Forest_Islands_(AT4),research,50605,5716
b858a6dd-9628-482e-bcfb-f56ddd29b41c_consolidated_research_20250309.json,Mascarene_Tropical_Forest_Islands_(AT4),research,50605,5716
e21a3b25-64b0-450b-8a40-b2115faf2465_consolidated_research_20250309.json,East_Eurasian_Coastal_Tundra_(PA5),research,43451,5041
e21a3b25-64b0-450b-8a40-b2115faf2465_consolidated_research_20250308.json,East_Eurasian_Coastal_Tundra_(PA5),research,43451,5041
011f3d73-cde6-4cbc-8cdf-5b0eb9fcb522_consolidated_research_20250308.json,Greater_Deccan-Sri_Lankan_Forests_&_Drylands_(IM8),research,42809,4911
011f3d73-cde6-4cbc-8cdf-5b0eb9fcb522_consolidated_research_20250309.json,Greater_Deccan-Sri_Lankan_Forests_&_Drylands_(IM8),research,42809,4911
241154b8-ae89-4cc6-b2bc-28634f4e294a_consolidated_research_20250309.json,"Great_Britain,_Ireland_&_Faroe_Islands_(PA9)",research,40531,4655
241154b8-ae89-4cc6-b2bc-28634f4e294a_consolidated_research_20250308.json,"Great_Britain,_Ireland_&_Faroe_Islands_(PA9)",research,40531,4655
5f051f59-e3f9-4174-a8f9-9419a20a6dc2_consolidated_research_20250309.json,Himalayan_Mixed_Forests_&_Grasslands_(IM5),research,47449,5423
5f051f59-e3f9-4174-a8f9-9419a20a6dc2_consolidated_research_20250308.json,Himalayan_Mixed_Forests_&_Grasslands_(IM5),research,47449,5423
196ace7f-199e-453b-b4f1-dc9d02bdd633_consolidated_research_20250308.json,Alps_&_Po_Basin_Mixed_Forests_(PA13),research,49931,5710
196ace7f-199e-453b-b4f1-dc9d02bdd633_consolidated_research_20250309.json,Alps_&_Po_Basin_Mixed_Forests_(PA13),research,49931,5710
463863d5-d9ff-4f48-b582-4f443c0f28e3_consolidated_research_20250309.json,Continental_Antarctica_(AN1),research,41584,4744
463863d5-d9ff-4f48-b582-4f443c0f28e3_consolidated_research_20250308.json,Continental_Antarctica_(AN1),research,41584,4744
5689b4d8-47b8-479c-9e77-7cb7c859a9b0_consolidated_research_20250308.json,Greater_Karoo_&_Kalahari_Drylands_(AT9),research,40363,4617
5689b4d8-47b8-479c-9e77-7cb7c859a9b0_consolidated_research_20250309.json,Greater_Karoo_&_Kalahari_Drylands_(AT9),research,52048,5998
3a464500-b752-417b-8f77-817678c56e31_consolidated_research_20250309.json,East_Australian_Mediterranean_Woodlands_&_Temperate_Savannas_(AU4),research,45032,5120
3a464500-b752-417b-8f77-817678c56e31_consolidated_research_20250308.json,East_Australian_Mediterranean_Woodlands_&_Temperate_Savannas_(AU4),research,45032,5120
5ffb4e48-057c-48aa-8ed2-5177c015ba49_consolidated_research_20250308.json,Galápagos_Islands_(NT9),research,44874,5011
5ffb4e48-057c-48aa-8ed2-5177c015ba49_consolidated_research_20250309.json,Galápagos_Islands_(NT9),research,44874,5011
604466ba-a207-455c-b8bb-6ce793fc7154_consolidated_research_20250308.json,West_African_Coastal_Forests_&_Savanna_(AT19),research,44349,5187
604466ba-a207-455c-b8bb-6ce793fc7154_consolidated_research_20250309.json,West_African_Coastal_Forests_&_Savanna_(AT19),research,44349,5187
fb4b4424-6f0b-4049-a7fe-857331fba1d8_consolidated_research_20250308.json,Greater_Tibetan_Plateau_Alpine_Meadows_&_Shrublands_(PA40),research,44473,5196
fb4b4424-6f0b-4049-a7fe-857331fba1d8_consolidated_research_20250309.json,Greater_Tibetan_Plateau_Alpine_Meadows_&_Shrublands_(PA40),research,44473,5196
b4458504-35cd-4a0b-88fa-9d534c0ff7db_consolidated_research_20250308.json,Andean_Mountain_Forests_&_Valleys_(NT11),research,44025,5032
b4458504-35cd-4a0b-88fa-9d534c0ff7db_consolidated_research_20250309.json,Andean_Mountain_Forests_&_Valleys_(NT11),research,44025,5032
578ed31c-1c3c-40e3-b1f1-b0211ea9e2dd_consolidated_research_20250308.json,Chilean_Mixed_Forests_(NT1),research,48492,5579
578ed31c-1c3c-40e3-b1f1-b0211ea9e2dd_consolidated_research_20250309.json,Chilean_Mixed_Forests_(NT1),research,48492,5579
c0200c6f-5cf2-43bd-bf3a-223256ae4111_consolidated_research_20250308.json,Japan_Forest_Islands_(PA47),research,46962,5140
c0200c6f-5cf2-43bd-bf3a-223256ae4111_consolidated_research_20250309.json,Japan_Forest_Islands_(PA47),research,46962,5140
030cb112-a795-4fee-8431-5a05001597eb_consolidated_research_20250309.json,Carpathian_Mountain_&_Plains_Mixed_Forests_(PA14),research,44410,5097
030cb112-a795-4fee-8431-5a05001597eb_consolidated_research_20250308.json,Carpathian_Mountain_&_Plains_Mixed_Forests_(PA14),research,44410,5097
2df67e45-4aa7-4706-b6be-ebb98ec6d77a_consolidated_research_20250309.json,Sulawesi_&_Maluku_Islands_(AU14),research,41740,4696
2df67e45-4aa7-4706-b6be-ebb98ec6d77a_consolidated_research_20250308.json,Sulawesi_&_Maluku_Islands_(AU14),research,41740,4696
4e485461-d7d0-4faa-b3ae-e731afd61f5b_consolidated_research_20250309.json,"Northwest_Canadian_Taiga,_Lakes,_&_Wetlands_(NA7)",research,52198,5743
4e485461-d7d0-4faa-b3ae-e731afd61f5b_consolidated_research_20250308.json,"Northwest_Canadian_Taiga,_Lakes,_&_Wetlands_(NA7)",research,52198,5743
cb87aab5-8f06-4898-9d1a-2f8a7c79b8dd_consolidated_research_20250308.json,Taklimakan_Desert_&_Lowland_Deciduous_Forests_(PA39),research,46947,5466
cb87aab5-8f06-4898-9d1a-2f8a7c79b8dd_consolidated_research_20250309.json,Taklimakan_Desert_&_Lowland_Deciduous_Forests_(PA39),research,46947,5466
c2049f0d-f6f3-4884-901f-0d8ce17fe192_consolidated_research_20250309.json,Manchuria-Ussuri_Mixed_Forests_&_Meadow_Steppes_(PA46),research,45807,5377
c2049f0d-f6f3-4884-901f-0d8ce17fe192_consolidated_research_20250308.json,Manchuria-Ussuri_Mixed_Forests_&_Meadow_Steppes_(PA46),research,45807,5377
bcace7fa-be48-441d-b039-8b70ff644572_consolidated_research_20250309.json,Greater_Rockies_&_Mountain_Forests_(NA13),research,46607,5277
bcace7fa-be48-441d-b039-8b70ff644572_consolidated_research_20250308.json,Greater_Rockies_&_Mountain_Forests_(NA13),research,46607,5277
0d13a6ae-50d0-4df4-9d32-484284eedc03_consolidated_research_20250308.json,North_Indomalayan_Deserts_&_Scrub_Forest_(IM4),research,42974,4990
0d13a6ae-50d0-4df4-9d32-484284eedc03_consolidated_research_20250309.json,North_Indomalayan_Deserts_&_Scrub_Forest_(IM4),research,42974,4990
c1fe24d8-7c6b-49ae-91b5-50c304b5f3d5_consolidated_research_20250308.json,Interior_Plateau_&_Southern_Great_Lakes_Forests_(NA23),research,51992,5842
c1fe24d8-7c6b-49ae-91b5-50c304b5f3d5_consolidated_research_20250309.json,Interior_Plateau_&_Southern_Great_Lakes_Forests_(NA23),research,51992,5842
23d3bcf7-bee1-424c-9367-c2e700022ebf_consolidated_research_20250309.json,"South_Australian_Mediterranean_Forests,_Woodlands_&_Scrub_(AU5)",research,43944,5024
23d3bcf7-bee1-424c-9367-c2e700022ebf_consolidated_research_20250308.json,"South_Australian_Mediterranean_Forests,_Woodlands_&_Scrub_(AU5)",research,43944,5024
cb7a108f-f2c2-4fe8-b2b4-5c93b6e94b9f_consolidated_research_20250308.json,"Northern_Sahara_Deserts,_Savannas_&_Marshes_(PA24)",research,49351,5809
cb7a108f-f2c2-4fe8-b2b4-5c93b6e94b9f_consolidated_research_20250309.json,"Northern_Sahara_Deserts,_Savannas_&_Marshes_(PA24)",research,49351,5809
df5587df-e49c-4bd1-ad69-579d43b7cfc7_consolidated_research_20250309.json,"Sea_of_Okhotsk_Coastal_Taiga,_Meadows_&_Tundra_(PA6)",research,44188,5078
df5587df-e49c-4bd1-ad69-579d43b7cfc7_consolidated_research_20250308.json,"Sea_of_Okhotsk_Coastal_Taiga,_Meadows_&_Tundra_(PA6)",research,44188,5078
3f49c23b-2ee0-4158-82c0-697435b8ff11_consolidated_research_20250308.json,Colorado_Plateau_&_Mountain_Forests_(NA19),research,42682,4881
3f49c23b-2ee0-4158-82c0-697435b8ff11_consolidated_research_20250309.json,Colorado_Plateau_&_Mountain_Forests_(NA19),research,42682,4881
cacbadd2-04a8-425d-a35c-127dcb7859a2_consolidated_research_20250308.json,Southwest_African_Coastal_Drylands_(AT10),research,43007,4889
cacbadd2-04a8-425d-a35c-127dcb7859a2_consolidated_research_20250309.json,Southwest_African_Coastal_Drylands_(AT10),research,45688,5386
4b7eabee-ee71-48e7-b3a9-c62e3ee9a272_consolidated_research_20250309.json,Amsterdam-Saint_Paul_Islands_(AT3),research,37025,4277
4b7eabee-ee71-48e7-b3a9-c62e3ee9a272_consolidated_research_20250308.json,Amsterdam-Saint_Paul_Islands_(AT3),research,37025,4277
529a56a8-79e5-4ca5-8904-68a48abf850a_consolidated_research_20250309.json,Vanuatu_Islands_(AU11),research,47645,5584
529a56a8-79e5-4ca5-8904-68a48abf850a_consolidated_research_20250308.json,Vanuatu_Islands_(AU11),research,47645,5584
0b485023-f5e5-43ca-8596-25041efe21e4_consolidated_research_20250309.json,Indochina_Mixed_Forests_&_Peatlands_(IM12),research,40188,4640
0b485023-f5e5-43ca-8596-25041efe21e4_consolidated_research_20250308.json,Indochina_Mixed_Forests_&_Peatlands_(IM12),research,40188,4640
6b091607-18d6-4ed1-b325-eed9bddef170_consolidated_research_20250308.json,Yucatan_&_Veracruz_Mixed_Forests_(NT27),research,50667,5721
6b091607-18d6-4ed1-b325-eed9bddef170_consolidated_research_20250309.json,Yucatan_&_Veracruz_Mixed_Forests_(NT27),research,50667,5721
2762c964-78ec-4e99-b0df-93c9ad4e3362_consolidated_research_20250308.json,South_Mediterranean_Mixed_Woodlands_&_Forests_(PA23),research,48824,5645
2762c964-78ec-4e99-b0df-93c9ad4e3362_consolidated_research_20250309.json,South_Mediterranean_Mixed_Woodlands_&_Forests_(PA23),research,48824,5645
decc43ec-8195-41b1-8853-f691ee058518_consolidated_research_20250308.json,West_Sudanian_Savanna_(AT20),research,48309,5612
decc43ec-8195-41b1-8853-f691ee058518_consolidated_research_20250309.json,West_Sudanian_Savanna_(AT20),research,48309,5612
37e7831a-89f7-4f85-885b-68c18d55264c_consolidated_research_20250308.json,Central_Congolian_Tropical_Forests_(AT14),research,47272,5527
37e7831a-89f7-4f85-885b-68c18d55264c_consolidated_research_20250309.json,Central_Congolian_Tropical_Forests_(AT14),research,47272,5527
ae1b0121-75a1-4f01-a0af-34e32d7a90b7_consolidated_research_20250309.json,East_Micronesian_Islands_(OC7),research,37988,4426
ae1b0121-75a1-4f01-a0af-34e32d7a90b7_consolidated_research_20250308.json,East_Micronesian_Islands_(OC7),research,37988,4426
f1a60e1a-543e-4a09-92aa-90ac01b2f6ec_consolidated_research_20250308.json,Central_American_Isthmian_&_Colombian_Coastal_Forests_(NT24),research,42006,4895
f1a60e1a-543e-4a09-92aa-90ac01b2f6ec_consolidated_research_20250309.json,Central_American_Isthmian_&_Colombian_Coastal_Forests_(NT24),research,42006,4895
85b9ab42-5307-4bcf-81ef-dee1467c8300_consolidated_research_20250309.json,Northern_Great_Lakes_Forests_(NA11),research,40498,4633
85b9ab42-5307-4bcf-81ef-dee1467c8300_consolidated_research_20250308.json,Northern_Great_Lakes_Forests_(NA11),research,40498,4633
a11ee780-598c-4763-bb00-02a0542a3663_consolidated_research_20250308.json,Gulf_of_Guinea_Coastal_Forests_&_Mangroves_(AT17),research,56584,6299
a11ee780-598c-4763-bb00-02a0542a3663_consolidated_research_20250309.json,Gulf_of_Guinea_Coastal_Forests_&_Mangroves_(AT17),research,56584,6299
61008762-3189-4bc3-aa82-0ac236ff243b_consolidated_research_20250309.json,Palau_&_Caroline_Tropical_Islands_(OC8),research,52172,6149
61008762-3189-4bc3-aa82-0ac236ff243b_consolidated_research_20250308.json,Palau_&_Caroline_Tropical_Islands_(OC8),research,52172,6149
8249ec5c-e0c1-4271-97bb-55279d6c94c0_consolidated_research_20250308.json,Southeast_African_Subtropical_Grasslands_(AT8),research,42717,4900
8249ec5c-e0c1-4271-97bb-55279d6c94c0_consolidated_research_20250309.json,Southeast_African_Subtropical_Grasslands_(AT8),research,51756,5894
87830719-d781-456b-9893-c66f7503df3a_consolidated_research_20250308.json,Dzhagdy_Mountain_Conifer_Forests_(PA45),research,38433,4501
87830719-d781-456b-9893-c66f7503df3a_consolidated_research_20250309.json,Dzhagdy_Mountain_Conifer_Forests_(PA45),research,38433,4501
280901a4-d287-4e2a-ac31-6ccad1c54b04_consolidated_research_20250308.json,Pantanal_Flooded_Grasslands_&_Dry_Forests_(NT12),research,43941,5030
280901a4-d287-4e2a-ac31-6ccad1c54b04_consolidated_research_20250309.json,Pantanal_Flooded_Grasslands_&_Dry_Forests_(NT12),research,43941,5030
8e0da6df-8bcc-4db1-88f3-1139861ee02b_consolidated_research_20250308.json,Greater_Eurasian_Tundra_(PA4),research,38842,4460
8e0da6df-8bcc-4db1-88f3-1139861ee02b_consolidated_research_20250309.json,Greater_Eurasian_Tundra_(PA4),research,38842,4460
c7a65d33-2546-46b1-b02a-4d23ebaf7e12_consolidated_research_20250308.json,Fiji_&_Tongan_Tropical_Islands_(OC6),research,39875,4560
c7a65d33-2546-46b1-b02a-4d23ebaf7e12_consolidated_research_20250309.json,Fiji_&_Tongan_Tropical_Islands_(OC6),research,39875,4560
087c80a0-ee01-4d5e-ba96-c084df6c089a_consolidated_research_20250308.json,Solomon_Islands_(AU12),research,46236,5297
087c80a0-ee01-4d5e-ba96-c084df6c089a_consolidated_research_20250309.json,Solomon_Islands_(AU12),research,46236,5297
8f3a050a-38e1-4050-8440-fa7ad1f291cb_consolidated_research_20250309.json,Ural_Mountains_&_West_Eurasian_Taiga_Forests_(PA8),research,36268,4170
8f3a050a-38e1-4050-8440-fa7ad1f291cb_consolidated_research_20250308.json,Ural_Mountains_&_West_Eurasian_Taiga_Forests_(PA8),research,36268,4170
6f232572-96e7-4fa0-83cb-9eed4fe81b40_consolidated_research_20250308.json,Hawai’i_Tropical_Islands_(OC11),research,47913,5220
6f232572-96e7-4fa0-83cb-9eed4fe81b40_consolidated_research_20250309.json,Hawai’i_Tropical_Islands_(OC11),research,47913,5220
5aaf42c9-0600-421e-9448-8f8f47eb6d30_consolidated_research_20250308.json,Ecuadorean_Dry_Coastal_Forests_&_Flooded_Grasslands_(NT10),research,46280,5128
5aaf42c9-0600-421e-9448-8f8f47eb6d30_consolidated_research_20250309.json,Ecuadorean_Dry_Coastal_Forests_&_Flooded_Grasslands_(NT10),research,46280,5128
af46ec10-5c4e-4474-be0f-695385095bb1_consolidated_research_20250309.json,Chaco_Grasslands_(NT4),research,46544,5366
af46ec10-5c4e-4474-be0f-695385095bb1_consolidated_research_20250308.json,Chaco_Grasslands_(NT4),research,46544,5366
933fb0b4-f074-4d73-a940-e3162e8814f1_consolidated_research_20250308.json,Hengduan_Mountain_Conifer_Forests_(PA53),research,41719,4861
933fb0b4-f074-4d73-a940-e3162e8814f1_consolidated_research_20250309.json,Hengduan_Mountain_Conifer_Forests_(PA53),research,41719,4861
060b6223-9d18-456b-aa98-921f7508185c_consolidated_research_20250308.json,Sahel_Acacia_Savannas_(AT23),research,51234,6140
060b6223-9d18-456b-aa98-921f7508185c_consolidated_research_20250309.json,Sahel_Acacia_Savannas_(AT23),research,51234,6140
a40a5dfd-dde8-462e-9d2c-53a15929b77c_consolidated_research_20250309.json,Indian_Dry_Deciduous_Forests_(IM3),research,40252,4697
a40a5dfd-dde8-462e-9d2c-53a15929b77c_consolidated_research_20250308.json,Indian_Dry_Deciduous_Forests_(IM3),research,40252,4697
66514f7b-97de-4f98-a8f1-f01bbce83b9e_consolidated_research_20250308.json,Cerrado_Savannas_(NT13),research,39759,4620
66514f7b-97de-4f98-a8f1-f01bbce83b9e_consolidated_research_20250309.json,Cerrado_Savannas_(NT13),research,39759,4620
1759ae5a-7245-47df-be51-62d224faa4fa_consolidated_research_20250309.json,Ozarks_Mixed_Forests_(NA22),research,43507,5072
1759ae5a-7245-47df-be51-62d224faa4fa_consolidated_research_20250308.json,Ozarks_Mixed_Forests_(NA22),research,43507,5072
a28b7c1b-9f74-4aab-b310-5e10919df825_consolidated_research_20250309.json,Greater_Yukon_(NA6),research,42857,4948
a28b7c1b-9f74-4aab-b310-5e10919df825_consolidated_research_20250308.json,Greater_Yukon_(NA6),research,42857,4948
7c9d0553-5261-4c98-ba80-26bb1a16ca0c_consolidated_research_20250308.json,Far_Northern_Pacific_Coast_(NA5),research,41506,4834
7c9d0553-5261-4c98-ba80-26bb1a16ca0c_consolidated_research_20250309.json,Far_Northern_Pacific_Coast_(NA5),research,41506,4834
2fd8739f-ae96-4caf-8185-863f8d31f74a_consolidated_research_20250308.json,"Afghan-Balochistan_Drylands,_Mountain_Meadows_&_Conifer_Forests_(PA30)",research,42965,4772
2fd8739f-ae96-4caf-8185-863f8d31f74a_consolidated_research_20250309.json,"Afghan-Balochistan_Drylands,_Mountain_Meadows_&_Conifer_Forests_(PA30)",research,42965,4772
79add296-0e16-4da5-98be-db8172b4d0c6_consolidated_research_20250309.json,Juan_Fernández_&_Desventuradas_Islands_(NT7),research,42593,4888
79add296-0e16-4da5-98be-db8172b4d0c6_consolidated_research_20250308.json,Juan_Fernández_&_Desventuradas_Islands_(NT7),research,42593,4888
3d205c96-303e-4629-8e13-3b0e1c8b4c98_consolidated_research_20250309.json,Myanmar_Coastal_Rainforests_&_Andaman_Sea_Islands_(IM9),research,48424,5484
3d205c96-303e-4629-8e13-3b0e1c8b4c98_consolidated_research_20250308.json,Myanmar_Coastal_Rainforests_&_Andaman_Sea_Islands_(IM9),research,48424,5484
22fcd8ea-5f80-430d-b16b-fb7f34836c59_consolidated_research_20250308.json,Cape_Verde_Islands_(AT24),research,53039,5976
22fcd8ea-5f80-430d-b16b-fb7f34836c59_consolidated_research_20250309.json,Cape_Verde_Islands_(AT24),research,53039,5976
7fb46ba0-ce86-4c48-b7af-829feec77288_consolidated_research_20250309.json,Coral_Sea_&_New_Caledonia_Islands_(AU10),research,43146,5004
7fb46ba0-ce86-4c48-b7af-829feec77288_consolidated_research_20250308.json,Coral_Sea_&_New_Caledonia_Islands_(AU10),research,43146,5004
df2acfda-985e-4f8c-bfe6-924dc7434dfc_consolidated_research_20250308.json,South_China_Subtropical_Evergreen_&_Monsoon_Forests_(IM13),research,53161,5986
df2acfda-985e-4f8c-bfe6-924dc7434dfc_consolidated_research_20250309.json,South_China_Subtropical_Evergreen_&_Monsoon_Forests_(IM13),research,53161,5986
62c278b8-2ea1-43ed-b18a-0e117500a009_consolidated_research_20250309.json,Ordos_Plateau_Steppe_&_Mountain_Conifer_Forests_(PA42),research,37615,4410
62c278b8-2ea1-43ed-b18a-0e117500a009_consolidated_research_20250308.json,Ordos_Plateau_Steppe_&_Mountain_Conifer_Forests_(PA42),research,37615,4410
932ec2be-c238-4d62-ae5b-5a9a117c252a_consolidated_research_20250309.json,Scandinavian_Birch_&_Coastal_Conifer_Forests_(PA3),research,46672,5356
932ec2be-c238-4d62-ae5b-5a9a117c252a_consolidated_research_20250308.json,Scandinavian_Birch_&_Coastal_Conifer_Forests_(PA3),research,46672,5356
5c755703-bfe6-45c3-b8d9-813d7cc428aa_consolidated_research_20250309.json,Arakan_Mountains_&_Northern_Triangle_Forests_(IM10),research,37071,4317
5c755703-bfe6-45c3-b8d9-813d7cc428aa_consolidated_research_20250308.json,Arakan_Mountains_&_Northern_Triangle_Forests_(IM10),research,37071,4317
969c55e9-329a-45b7-a322-8ebd27becf5d_consolidated_research_20250309.json,Guam_&_Marianas_Dry_Tropical_Islands_(OC9),research,42770,5063
969c55e9-329a-45b7-a322-8ebd27becf5d_consolidated_research_20250308.json,Guam_&_Marianas_Dry_Tropical_Islands_(OC9),research,42770,5063
aeee2e19-890c-401f-94fe-da9c3c201d45_consolidated_research_20250309.json,South_American_Coastal_Deserts_(NT8),research,42947,5033
aeee2e19-890c-401f-94fe-da9c3c201d45_consolidated_research_20250308.json,South_American_Coastal_Deserts_(NT8),research,42947,5033
8e583f57-f965-4e42-ade1-51b89cf08f22_consolidated_research_20250308.json,Balearic_Sea_&_West_Mediterranean_Mixed_Forests_(PA20),research,43819,4960
8e583f57-f965-4e42-ade1-51b89cf08f22_consolidated_research_20250309.json,Balearic_Sea_&_West_Mediterranean_Mixed_Forests_(PA20),research,43819,4960
9c0c927e-c08a-4f09-8f75-01efe564ff7a_consolidated_research_20250308.json,Bermuda_(NA26)_,research,44302,5057
9c0c927e-c08a-4f09-8f75-01efe564ff7a_consolidated_research_20250309.json,Bermuda_(NA26)_,research,44302,5057
b0f23360-378b-486a-acec-ae382b3df4cc_consolidated_research_20250308.json,Columbia_Plateau_&_Blue_Mountains_(NA17),research,37666,4471
b0f23360-378b-486a-acec-ae382b3df4cc_consolidated_research_20250309.json,Columbia_Plateau_&_Blue_Mountains_(NA17),research,37666,4471
4eddab09-3964-40d3-98ad-42714f8df59e_consolidated_research_20250308.json,South_Red_Sea_&_Gulf_of_Aden_Coastal_Drylands_(AT22),research,41156,4795
4eddab09-3964-40d3-98ad-42714f8df59e_consolidated_research_20250309.json,South_Red_Sea_&_Gulf_of_Aden_Coastal_Drylands_(AT22),research,41156,4795
e680f5cf-5c6b-4c8d-b522-a19fac1a972a_consolidated_research_20250309.json,Central_Asian_Deserts_&_Riparian_Woodlands_(PA32),research,44065,5091
e680f5cf-5c6b-4c8d-b522-a19fac1a972a_consolidated_research_20250308.json,Central_Asian_Deserts_&_Riparian_Woodlands_(PA32),research,44065,5091
ea455a8f-fe29-4c4a-9835-ed183056aae8_consolidated_research_20250308.json,Northern_Prairie_&_Aspen_Forests_(NA12),research,46098,5160
ea455a8f-fe29-4c4a-9835-ed183056aae8_consolidated_research_20250309.json,Northern_Prairie_&_Aspen_Forests_(NA12),research,46098,5160
d0e7c84d-9475-4600-8197-8a3d11ecddc5_consolidated_research_20250308.json,Victoria_Basin_&_Albertine_Rift_Forests_(AT12),research,43432,4996
d0e7c84d-9475-4600-8197-8a3d11ecddc5_consolidated_research_20250309.json,Victoria_Basin_&_Albertine_Rift_Forests_(AT12),research,43432,4996
daf51578-544f-44bc-b71b-a8f157d23e3e_consolidated_research_20250309.json,Ogasawara_Subtropical_Islands_(OC10),research,42169,4975
daf51578-544f-44bc-b71b-a8f157d23e3e_consolidated_research_20250308.json,Ogasawara_Subtropical_Islands_(OC10),research,42169,4975
3eecaaae-b3db-424b-bc28-fbc3682ca9ff_consolidated_research_20250309.json,Zagros_Mountain_Forests_&_East_Anatolian_Steppe_(PA27),research,38852,4635
3eecaaae-b3db-424b-bc28-fbc3682ca9ff_consolidated_research_20250308.json,Zagros_Mountain_Forests_&_East_Anatolian_Steppe_(PA27),research,38852,4635
cce064e2-e4ca-4239-9234-f381765eda83_consolidated_research_20250308.json,Indian_Tropical_Coastal_Forests_(IM2),research,43964,5099
cce064e2-e4ca-4239-9234-f381765eda83_consolidated_research_20250309.json,Indian_Tropical_Coastal_Forests_(IM2),research,43964,5099
29d658ac-aa33-4944-8363-7f88be8bf3aa_consolidated_research_20250308.json,Sierra_Madre_Forests_&_Mexican_Drylands_(NA29),research,40706,4612
29d658ac-aa33-4944-8363-7f88be8bf3aa_consolidated_research_20250309.json,Sierra_Madre_Forests_&_Mexican_Drylands_(NA29),research,40706,4612
abb11dae-fe7d-4dae-9a53-164573da9a27_consolidated_research_20250309.json,"Red_Sea,_Arabian_Deserts_&_Salt_Marshes_(PA26)",research,48914,5783
abb11dae-fe7d-4dae-9a53-164573da9a27_consolidated_research_20250308.json,"Red_Sea,_Arabian_Deserts_&_Salt_Marshes_(PA26)",research,48914,5783
0649be0d-8781-4068-9629-a096d349bc1d_consolidated_research_20250309.json,Chilean_Matorral_Shrublands_&_Savanna_(NT6),research,39866,4611
0649be0d-8781-4068-9629-a096d349bc1d_consolidated_research_20250308.json,Chilean_Matorral_Shrublands_&_Savanna_(NT6),research,39866,4611
91dafdaa-3238-4723-af0b-488a50f56146_consolidated_research_20250308.json,European_Interior_Mixed_Forests_(PA12),research,43625,4979
91dafdaa-3238-4723-af0b-488a50f56146_consolidated_research_20250309.json,European_Interior_Mixed_Forests_(PA12),research,43625,4979
fe8a443b-785a-4c72-85a1-de7a4a218474_consolidated_research_20250309.json,Northeastern_American_Mixed_Forests_(NA10),research,51996,5871
fe8a443b-785a-4c72-85a1-de7a4a218474_consolidated_research_20250308.json,Northeastern_American_Mixed_Forests_(NA10),research,51996,5871
ffa5ac86-3349-4c0c-a9a2-8805c49a36bd_consolidated_research_20250308.json,"Caspian_Sea,_Coastal_Deserts_&_Kopet_Dagh_Mountain_Woodlands_(PA33)",research,38061,4413
ffa5ac86-3349-4c0c-a9a2-8805c49a36bd_consolidated_research_20250309.json,"Caspian_Sea,_Coastal_Deserts_&_Kopet_Dagh_Mountain_Woodlands_(PA33)",research,38061,4413
02d66ae2-5341-4226-b717-f46515a45624_consolidated_research_20250308.json,Madeira_Evergreen_Island_(PA22),research,38932,4463
02d66ae2-5341-4226-b717-f46515a45624_consolidated_research_20250309.json,Madeira_Evergreen_Island_(PA22),research,38932,4463
1a3d9a52-7ec1-4b00-a6e1-78816d3b66d0_consolidated_research_20250308.json,Mandara_Mountain_&_North_Congolian_Forest-Savannas_(AT16),research,40678,4690
1a3d9a52-7ec1-4b00-a6e1-78816d3b66d0_consolidated_research_20250309.json,Mandara_Mountain_&_North_Congolian_Forest-Savannas_(AT16),research,40678,4690
90b1a824-cee2-4207-8492-218c7aa05d88_consolidated_research_20250308.json,"Lake_Turkana-Sudd_Grasslands,_Bushlands_&_Forests_(AT21)",research,45856,5144
90b1a824-cee2-4207-8492-218c7aa05d88_consolidated_research_20250309.json,"Lake_Turkana-Sudd_Grasslands,_Bushlands_&_Forests_(AT21)",research,45856,5144
7213ad17-1fd7-4c41-a5cd-c55e43089562_consolidated_research_20250308.json,Greater_Alaska_Taiga_&_Tundra_(NA4),research,47762,5503
7213ad17-1fd7-4c41-a5cd-c55e43089562_consolidated_research_20250309.json,Greater_Alaska_Taiga_&_Tundra_(NA4),research,47762,5503
47fa8936-600c-46bc-9f6e-c929db57e1eb_consolidated_research_20250308.json,Baltic_Sea_&_Sarmatic_Mixed_Forests_(PA11),research,45066,5190
47fa8936-600c-46bc-9f6e-c929db57e1eb_consolidated_research_20250309.json,Baltic_Sea_&_Sarmatic_Mixed_Forests_(PA11),research,45066,5190
93ebda6f-9a2d-4bfc-a730-e7a58a6b54b4_consolidated_research_20250308.json,North_Indian_Tropical_Forests_&_Sundarbans_(IM6),research,42087,4914
93ebda6f-9a2d-4bfc-a730-e7a58a6b54b4_consolidated_research_20250309.json,North_Indian_Tropical_Forests_&_Sundarbans_(IM6),research,42087,4914
2ed51c1f-bb8b-4c07-9293-cd0594257323_consolidated_research_20250309.json,East_Australian_Temperate_Forests_&_Mountain_Shrublands_(AU3),research,48799,5544
2ed51c1f-bb8b-4c07-9293-cd0594257323_consolidated_research_20250308.json,East_Australian_Temperate_Forests_&_Mountain_Shrublands_(AU3),research,48799,5544
c06a1e89-d20d-42fb-a695-5b7f29b0f5b4_consolidated_research_20250308.json,Patagonia_Steppe_&_Low_Mountains_(NT2),research,40065,4582
c06a1e89-d20d-42fb-a695-5b7f29b0f5b4_consolidated_research_20250309.json,Patagonia_Steppe_&_Low_Mountains_(NT2),research,40065,4582
ad0c1fd3-5173-4918-9640-1ccf04cf7a53_consolidated_research_20250308.json,Brazilian_Atlantic_Moist_Forests_(NT14),research,46661,5435
ad0c1fd3-5173-4918-9640-1ccf04cf7a53_consolidated_research_20250309.json,Brazilian_Atlantic_Moist_Forests_(NT14),research,46661,5435
0d101cf8-0f6e-46d1-ad48-18865baf2355_consolidated_research_20250309.json,Cascades_Mountain_Forests_&_Valleys_(NA16),research,40043,4650
0d101cf8-0f6e-46d1-ad48-18865baf2355_consolidated_research_20250308.json,Cascades_Mountain_Forests_&_Valleys_(NA16),research,40043,4650
eee451d0-25a4-4480-810f-dca9a7f51e66_consolidated_research_20250309.json,Lord_Howe_&_Norfolk_Islands_(AU2),research,38444,4488
eee451d0-25a4-4480-810f-dca9a7f51e66_consolidated_research_20250308.json,Lord_Howe_&_Norfolk_Islands_(AU2),research,38444,4488
976097e4-b4b2-493e-9ef4-79d0fd2dfdf0_consolidated_research_20250308.json,North_Alaskan_Tundra_(NA3),research,41422,4777
976097e4-b4b2-493e-9ef4-79d0fd2dfdf0_consolidated_research_20250309.json,North_Alaskan_Tundra_(NA3),research,41422,4777
3e35b0da-fd3c-43ee-959a-5b89274e405e_consolidated_research_20250309.json,Tristan_Volcanic_Islands_(AT1),research,34252,4033
3e35b0da-fd3c-43ee-959a-5b89274e405e_consolidated_research_20250308.json,Tristan_Volcanic_Islands_(AT1),research,34252,4033
ce6a2e78-8753-41f0-9bc5-6c32f5184c2a_consolidated_research_20250308.json,Southern_Mixed_Forests_&_Blackland_Prairies_(NA28),research,40732,4723
ce6a2e78-8753-41f0-9bc5-6c32f5184c2a_consolidated_research_20250309.json,Southern_Mixed_Forests_&_Blackland_Prairies_(NA28),research,40732,4723
1f9107eb-5d02-40be-808d-29f70d663dcd_consolidated_research_20250309.json,Southern_Sahara_Deserts_&_Mountain_Woodlands_(PA25),research,42329,4946
1f9107eb-5d02-40be-808d-29f70d663dcd_consolidated_research_20250308.json,Southern_Sahara_Deserts_&_Mountain_Woodlands_(PA25),research,42329,4946
f4fe2f56-4d80-4cef-ba98-f2ba5d101ae5_consolidated_research_20250309.json,North_Congolian_Lowland_Forests_(AT15),research,46412,5392
f4fe2f56-4d80-4cef-ba98-f2ba5d101ae5_consolidated_research_20250308.json,North_Congolian_Lowland_Forests_(AT15),research,46412,5392
d9b836b5-87bf-49fe-bffe-2827953c581d_consolidated_research_20250309.json,Andean_Mountain_Grasslands_(NT5),research,41228,4740
d9b836b5-87bf-49fe-bffe-2827953c581d_consolidated_research_20250308.json,Andean_Mountain_Grasslands_(NT5),research,41228,4740
e218ab55-a4a1-485e-a21d-60249280323e_consolidated_research_20250309.json,Pacific_Northwest_Coastal_Forests_(NA15),research,47956,5595
e218ab55-a4a1-485e-a21d-60249280323e_consolidated_research_20250308.json,Pacific_Northwest_Coastal_Forests_(NA15),research,47956,5595
376add45-cf3d-4bc0-b469-6492ef23f69d_consolidated_research_20250308.json,Irrawaddy_&_North_Indochina_Mixed_Forests_(IM11),research,40249,4691
376add45-cf3d-4bc0-b469-6492ef23f69d_consolidated_research_20250309.json,Irrawaddy_&_North_Indochina_Mixed_Forests_(IM11),research,40249,4691
0cd2f4a1-b327-4633-958c-1f9f5225a875_consolidated_research_20250308.json,Canadian_Tundra_(NA2),research,45360,5210
0cd2f4a1-b327-4633-958c-1f9f5225a875_consolidated_research_20250309.json,Canadian_Tundra_(NA2),research,45360,5210
872eba95-86b9-44ca-a3e5-3d4ea5d4239e_consolidated_research_20250308.json,Philippines_&_Sulu_Sea_Tropical_Forests_(IM15),research,44715,5149
872eba95-86b9-44ca-a3e5-3d4ea5d4239e_consolidated_research_20250309.json,Philippines_&_Sulu_Sea_Tropical_Forests_(IM15),research,44715,5149
14278f32-15db-41ae-aaf0-0adbfb5885ad_consolidated_research_20250308.json,Samoa_&_West_Polynesian_Tropical_Islands_(OC5),research,46530,5377
14278f32-15db-41ae-aaf0-0adbfb5885ad_consolidated_research_20250309.json,Samoa_&_West_Polynesian_Tropical_Islands_(OC5),research,46530,5377
ec8cd7c2-4679-4712-8e0e-5e10982f3ea6_consolidated_research_20250308.json,Nansei_Islands_Subtropical_Evergreen_Forests_(IM14),research,43507,4829
ec8cd7c2-4679-4712-8e0e-5e10982f3ea6_consolidated_research_20250309.json,Nansei_Islands_Subtropical_Evergreen_Forests_(IM14),research,43507,4829
d74331dc-a208-4463-a224-0ae259de79b4_consolidated_research_20250308.json,Queensland_Tropical_Rainforests_&_Savannas_(AU9),research,45858,5149
d74331dc-a208-4463-a224-0ae259de79b4_consolidated_research_20250309.json,Queensland_Tropical_Rainforests_&_Savannas_(AU9),research,45858,5149
f1273a02-caf1-4e96-a56c-c3fb8d5b8988_consolidated_research_20250309.json,Loess_Plateau_&_Huang_He_Plain_Mixed_Forests_(PA49),research,46306,5448
f1273a02-caf1-4e96-a56c-c3fb8d5b8988_consolidated_research_20250308.json,Loess_Plateau_&_Huang_He_Plain_Mixed_Forests_(PA49),research,46306,5448
